mean_fit_time,std_fit_time,mean_score_time,std_score_time,param_shrinkage,param_solver,param_tol,params,split0_test_score,split1_test_score,split2_test_score,split3_test_score,split4_test_score,split5_test_score,split6_test_score,split7_test_score,split8_test_score,split9_test_score,mean_test_score,std_test_score,rank_test_score
0.20269389152526857,0.023077281638890605,0.01056830883026123,0.0020818745878298903,,svd,0.0001,"{'shrinkage': None, 'solver': 'svd', 'tol': 0.0001}",0.7740109496452466,0.7859520310089058,0.6635078409831636,0.5307817739498107,0.7730262674084312,0.7607682413125116,0.5613522964670051,0.6695155904728791,0.6645377865730056,0.7697425764873863,0.6953195354308346,0.08826804964008916,21
0.22920067310333253,0.03146808387256704,0.014224672317504882,0.007649523176804839,,svd,0.001,"{'shrinkage': None, 'solver': 'svd', 'tol': 0.001}",0.7740109496452466,0.7859520310089058,0.6635078409831636,0.5307817739498107,0.7730262674084312,0.7607682413125116,0.5613522964670051,0.6695155904728791,0.6645377865730056,0.7697425764873863,0.6953195354308346,0.08826804964008916,21
0.20476136207580567,0.021031316235975903,0.006810116767883301,0.0023921725634365987,,svd,0.01,"{'shrinkage': None, 'solver': 'svd', 'tol': 0.01}",0.7740109496452466,0.7859520310089058,0.6635078409831636,0.5307817739498107,0.7730262674084312,0.7607682413125116,0.5613522964670051,0.6695155904728791,0.6645377865730056,0.7697425764873863,0.6953195354308346,0.08826804964008916,21
0.2091914653778076,0.024550850652241687,0.005687904357910156,0.0011234273013918036,,svd,1e-05,"{'shrinkage': None, 'solver': 'svd', 'tol': 1e-05}",0.7740109496452466,0.7859520310089058,0.6635078409831636,0.5307817739498107,0.7730262674084312,0.7607682413125116,0.5613522964670051,0.6695155904728791,0.6645377865730056,0.7697425764873863,0.6953195354308346,0.08826804964008916,21
0.20742204189300537,0.01220745190367352,0.006734871864318847,0.001202814285748652,,svd,1e-06,"{'shrinkage': None, 'solver': 'svd', 'tol': 1e-06}",0.7740109496452466,0.7859520310089058,0.6635078409831636,0.5307817739498107,0.7730262674084312,0.7607682413125116,0.5613522964670051,0.6695155904728791,0.6645377865730056,0.7697425764873863,0.6953195354308346,0.08826804964008916,21
0.1094843864440918,0.011436791935334523,0.006569266319274902,0.0025899886800742605,,lsqr,0.0001,"{'shrinkage': None, 'solver': 'lsqr', 'tol': 0.0001}",0.7740109496452466,0.7859520310089058,0.6635078409831636,0.5307817739498107,0.7730262674084312,0.7607682413125116,0.5613522964670051,0.6695155904728791,0.6645377865730056,0.7697425764873863,0.6953195354308346,0.08826804964008916,21
0.12012531757354736,0.024379326187723708,0.005262517929077148,0.0010770099613721666,,lsqr,0.001,"{'shrinkage': None, 'solver': 'lsqr', 'tol': 0.001}",0.7740109496452466,0.7859520310089058,0.6635078409831636,0.5307817739498107,0.7730262674084312,0.7607682413125116,0.5613522964670051,0.6695155904728791,0.6645377865730056,0.7697425764873863,0.6953195354308346,0.08826804964008916,21
0.10497417449951171,0.0143612655116866,0.005661201477050781,0.0008120127282313601,,lsqr,0.01,"{'shrinkage': None, 'solver': 'lsqr', 'tol': 0.01}",0.7740109496452466,0.7859520310089058,0.6635078409831636,0.5307817739498107,0.7730262674084312,0.7607682413125116,0.5613522964670051,0.6695155904728791,0.6645377865730056,0.7697425764873863,0.6953195354308346,0.08826804964008916,21
0.1144906997680664,0.02080586109071748,0.006115031242370605,0.0009823285311160853,,lsqr,1e-05,"{'shrinkage': None, 'solver': 'lsqr', 'tol': 1e-05}",0.7740109496452466,0.7859520310089058,0.6635078409831636,0.5307817739498107,0.7730262674084312,0.7607682413125116,0.5613522964670051,0.6695155904728791,0.6645377865730056,0.7697425764873863,0.6953195354308346,0.08826804964008916,21
0.10630993843078614,0.009888614024023135,0.005560660362243652,0.000934993721222678,,lsqr,1e-06,"{'shrinkage': None, 'solver': 'lsqr', 'tol': 1e-06}",0.7740109496452466,0.7859520310089058,0.6635078409831636,0.5307817739498107,0.7730262674084312,0.7607682413125116,0.5613522964670051,0.6695155904728791,0.6645377865730056,0.7697425764873863,0.6953195354308346,0.08826804964008916,21
0.13478381633758546,0.016276124289377508,0.005709075927734375,0.0009052022477970081,,eigen,0.0001,"{'shrinkage': None, 'solver': 'eigen', 'tol': 0.0001}",0.7740109496452466,0.7859520310089058,0.6635078409831636,0.5307817739498107,0.7730262674084312,0.7607682413125116,0.5613522964670051,0.6695155904728791,0.6645377865730056,0.7697425764873863,0.6953195354308346,0.08826804964008916,21
0.14294424057006835,0.020894856965006266,0.0062568426132202145,0.0016358182388192797,,eigen,0.001,"{'shrinkage': None, 'solver': 'eigen', 'tol': 0.001}",0.7740109496452466,0.7859520310089058,0.6635078409831636,0.5307817739498107,0.7730262674084312,0.7607682413125116,0.5613522964670051,0.6695155904728791,0.6645377865730056,0.7697425764873863,0.6953195354308346,0.08826804964008916,21
0.14485328197479247,0.02380568829153235,0.006311440467834472,0.0005061388509902093,,eigen,0.01,"{'shrinkage': None, 'solver': 'eigen', 'tol': 0.01}",0.7740109496452466,0.7859520310089058,0.6635078409831636,0.5307817739498107,0.7730262674084312,0.7607682413125116,0.5613522964670051,0.6695155904728791,0.6645377865730056,0.7697425764873863,0.6953195354308346,0.08826804964008916,21
0.1473707914352417,0.018242697469775842,0.00802617073059082,0.0050675400660218865,,eigen,1e-05,"{'shrinkage': None, 'solver': 'eigen', 'tol': 1e-05}",0.7740109496452466,0.7859520310089058,0.6635078409831636,0.5307817739498107,0.7730262674084312,0.7607682413125116,0.5613522964670051,0.6695155904728791,0.6645377865730056,0.7697425764873863,0.6953195354308346,0.08826804964008916,21
0.13737967014312744,0.017350970218830385,0.006667566299438476,0.0013657401779226487,,eigen,1e-06,"{'shrinkage': None, 'solver': 'eigen', 'tol': 1e-06}",0.7740109496452466,0.7859520310089058,0.6635078409831636,0.5307817739498107,0.7730262674084312,0.7607682413125116,0.5613522964670051,0.6695155904728791,0.6645377865730056,0.7697425764873863,0.6953195354308346,0.08826804964008916,21
0.02760312557220459,0.006775520281196991,0.0,0.0,auto,svd,0.0001,"{'shrinkage': 'auto', 'solver': 'svd', 'tol': 0.0001}",,,,,,,,,,,,,126
0.017378520965576173,0.001518897071686668,0.0,0.0,auto,svd,0.001,"{'shrinkage': 'auto', 'solver': 'svd', 'tol': 0.001}",,,,,,,,,,,,,126
0.016651201248168945,0.0014374433446130005,0.0,0.0,auto,svd,0.01,"{'shrinkage': 'auto', 'solver': 'svd', 'tol': 0.01}",,,,,,,,,,,,,126
0.012674832344055175,0.0012463123893564011,0.0,0.0,auto,svd,1e-05,"{'shrinkage': 'auto', 'solver': 'svd', 'tol': 1e-05}",,,,,,,,,,,,,126
0.015674495697021486,0.0012982906533074937,0.0,0.0,auto,svd,1e-06,"{'shrinkage': 'auto', 'solver': 'svd', 'tol': 1e-06}",,,,,,,,,,,,,126
0.19578843116760253,0.017136543494511484,0.007067489624023438,0.002207225218743307,auto,lsqr,0.0001,"{'shrinkage': 'auto', 'solver': 'lsqr', 'tol': 0.0001}",0.7735856501596752,0.7860200876410595,0.6632026662019822,0.5307817739498107,0.7730262674084312,0.7606317464220287,0.5614383181264825,0.6697167409439931,0.6646050546358776,0.7690281385710191,0.695203644406036,0.08815682098394251,36
0.22668936252593994,0.02999524716421493,0.007864618301391601,0.004602400996348687,auto,lsqr,0.001,"{'shrinkage': 'auto', 'solver': 'lsqr', 'tol': 0.001}",0.7735856501596752,0.7860200876410595,0.6632026662019822,0.5307817739498107,0.7730262674084312,0.7606317464220287,0.5614383181264825,0.6697167409439931,0.6646050546358776,0.7690281385710191,0.695203644406036,0.08815682098394251,36
0.20839080810546876,0.029911011535003446,0.006561064720153808,0.0014632193812424811,auto,lsqr,0.01,"{'shrinkage': 'auto', 'solver': 'lsqr', 'tol': 0.01}",0.7735856501596752,0.7860200876410595,0.6632026662019822,0.5307817739498107,0.7730262674084312,0.7606317464220287,0.5614383181264825,0.6697167409439931,0.6646050546358776,0.7690281385710191,0.695203644406036,0.08815682098394251,36
0.2141934871673584,0.038932276590165765,0.007222676277160644,0.0010039504442881755,auto,lsqr,1e-05,"{'shrinkage': 'auto', 'solver': 'lsqr', 'tol': 1e-05}",0.7735856501596752,0.7860200876410595,0.6632026662019822,0.5307817739498107,0.7730262674084312,0.7606317464220287,0.5614383181264825,0.6697167409439931,0.6646050546358776,0.7690281385710191,0.695203644406036,0.08815682098394251,36
0.21108169555664064,0.02316788919512678,0.006715893745422363,0.001473936985829031,auto,lsqr,1e-06,"{'shrinkage': 'auto', 'solver': 'lsqr', 'tol': 1e-06}",0.7735856501596752,0.7860200876410595,0.6632026662019822,0.5307817739498107,0.7730262674084312,0.7606317464220287,0.5614383181264825,0.6697167409439931,0.6646050546358776,0.7690281385710191,0.695203644406036,0.08815682098394251,36
0.3343630075454712,0.04479159164949617,0.010420465469360351,0.0035431634322467026,auto,eigen,0.0001,"{'shrinkage': 'auto', 'solver': 'eigen', 'tol': 0.0001}",0.7735856501596752,0.7860200876410595,0.6632026662019822,0.5307817739498107,0.7730262674084312,0.7606317464220287,0.5614383181264825,0.6697167409439931,0.6646050546358776,0.7690281385710191,0.695203644406036,0.08815682098394251,36
0.35226123332977294,0.045738631033047907,0.009068751335144043,0.0032108210846753175,auto,eigen,0.001,"{'shrinkage': 'auto', 'solver': 'eigen', 'tol': 0.001}",0.7735856501596752,0.7860200876410595,0.6632026662019822,0.5307817739498107,0.7730262674084312,0.7606317464220287,0.5614383181264825,0.6697167409439931,0.6646050546358776,0.7690281385710191,0.695203644406036,0.08815682098394251,36
0.33005576133728026,0.049987495260174875,0.008570265769958497,0.0022077689212944554,auto,eigen,0.01,"{'shrinkage': 'auto', 'solver': 'eigen', 'tol': 0.01}",0.7735856501596752,0.7860200876410595,0.6632026662019822,0.5307817739498107,0.7730262674084312,0.7606317464220287,0.5614383181264825,0.6697167409439931,0.6646050546358776,0.7690281385710191,0.695203644406036,0.08815682098394251,36
0.3518221855163574,0.06718497195858107,0.009264278411865234,0.00280264875457944,auto,eigen,1e-05,"{'shrinkage': 'auto', 'solver': 'eigen', 'tol': 1e-05}",0.7735856501596752,0.7860200876410595,0.6632026662019822,0.5307817739498107,0.7730262674084312,0.7606317464220287,0.5614383181264825,0.6697167409439931,0.6646050546358776,0.7690281385710191,0.695203644406036,0.08815682098394251,36
0.3340592384338379,0.04022237693155469,0.00961921215057373,0.0031051815003188404,auto,eigen,1e-06,"{'shrinkage': 'auto', 'solver': 'eigen', 'tol': 1e-06}",0.7735856501596752,0.7860200876410595,0.6632026662019822,0.5307817739498107,0.7730262674084312,0.7606317464220287,0.5614383181264825,0.6697167409439931,0.6646050546358776,0.7690281385710191,0.695203644406036,0.08815682098394251,36
0.020637917518615722,0.004706211741665866,0.0,0.0,0.1,svd,0.0001,"{'shrinkage': 0.1, 'solver': 'svd', 'tol': 0.0001}",,,,,,,,,,,,,126
0.020298004150390625,0.004479776196376713,0.0,0.0,0.1,svd,0.001,"{'shrinkage': 0.1, 'solver': 'svd', 'tol': 0.001}",,,,,,,,,,,,,126
0.019483423233032225,0.005715397828425259,0.0,0.0,0.1,svd,0.01,"{'shrinkage': 0.1, 'solver': 'svd', 'tol': 0.01}",,,,,,,,,,,,,126
0.019595026969909668,0.005323976313588783,0.0,0.0,0.1,svd,1e-05,"{'shrinkage': 0.1, 'solver': 'svd', 'tol': 1e-05}",,,,,,,,,,,,,126
0.022056436538696288,0.009810376976024748,0.0,0.0,0.1,svd,1e-06,"{'shrinkage': 0.1, 'solver': 'svd', 'tol': 1e-06}",,,,,,,,,,,,,126
0.13677458763122557,0.03300534052277989,0.007116127014160156,0.0023652123153214575,0.1,lsqr,0.0001,"{'shrinkage': 0.1, 'solver': 'lsqr', 'tol': 0.0001}",0.7446238653230923,0.7545277244214872,0.6393042350193222,0.4999533382503869,0.7596412500034854,0.7217517766297077,0.5698355031483429,0.6610594567052984,0.6523403844917379,0.7495107909698769,0.6752548324962737,0.08352012315421654,86
0.11728787422180176,0.01572284373257646,0.005859470367431641,0.0010088844496904,0.1,lsqr,0.001,"{'shrinkage': 0.1, 'solver': 'lsqr', 'tol': 0.001}",0.7446238653230923,0.7545277244214872,0.6393042350193222,0.4999533382503869,0.7596412500034854,0.7217517766297077,0.5698355031483429,0.6610594567052984,0.6523403844917379,0.7495107909698769,0.6752548324962737,0.08352012315421654,86
0.11472833156585693,0.017124770672392813,0.006761670112609863,0.001211885939935105,0.1,lsqr,0.01,"{'shrinkage': 0.1, 'solver': 'lsqr', 'tol': 0.01}",0.7446238653230923,0.7545277244214872,0.6393042350193222,0.4999533382503869,0.7596412500034854,0.7217517766297077,0.5698355031483429,0.6610594567052984,0.6523403844917379,0.7495107909698769,0.6752548324962737,0.08352012315421654,86
0.11653149127960205,0.014516434835630952,0.006820178031921387,0.00045895159645169357,0.1,lsqr,1e-05,"{'shrinkage': 0.1, 'solver': 'lsqr', 'tol': 1e-05}",0.7446238653230923,0.7545277244214872,0.6393042350193222,0.4999533382503869,0.7596412500034854,0.7217517766297077,0.5698355031483429,0.6610594567052984,0.6523403844917379,0.7495107909698769,0.6752548324962737,0.08352012315421654,86
0.12498955726623535,0.03685336657213313,0.007713961601257324,0.0030741712484719497,0.1,lsqr,1e-06,"{'shrinkage': 0.1, 'solver': 'lsqr', 'tol': 1e-06}",0.7446238653230923,0.7545277244214872,0.6393042350193222,0.4999533382503869,0.7596412500034854,0.7217517766297077,0.5698355031483429,0.6610594567052984,0.6523403844917379,0.7495107909698769,0.6752548324962737,0.08352012315421654,86
0.15097494125366212,0.021228373282442117,0.0066144466400146484,0.0015013047090587978,0.1,eigen,0.0001,"{'shrinkage': 0.1, 'solver': 'eigen', 'tol': 0.0001}",0.7446238653230923,0.7545277244214872,0.6393042350193222,0.4999533382503869,0.7596412500034854,0.7217517766297077,0.5698355031483429,0.6610594567052984,0.6523403844917379,0.7495107909698769,0.6752548324962737,0.08352012315421654,86
0.14169974327087403,0.02331353425340497,0.005965280532836914,0.0009326248714159502,0.1,eigen,0.001,"{'shrinkage': 0.1, 'solver': 'eigen', 'tol': 0.001}",0.7446238653230923,0.7545277244214872,0.6393042350193222,0.4999533382503869,0.7596412500034854,0.7217517766297077,0.5698355031483429,0.6610594567052984,0.6523403844917379,0.7495107909698769,0.6752548324962737,0.08352012315421654,86
0.13875904083251953,0.021066640539950877,0.007362890243530274,0.0017070177630041843,0.1,eigen,0.01,"{'shrinkage': 0.1, 'solver': 'eigen', 'tol': 0.01}",0.7446238653230923,0.7545277244214872,0.6393042350193222,0.4999533382503869,0.7596412500034854,0.7217517766297077,0.5698355031483429,0.6610594567052984,0.6523403844917379,0.7495107909698769,0.6752548324962737,0.08352012315421654,86
0.15950043201446534,0.02146456030145297,0.008269762992858887,0.004192652949236525,0.1,eigen,1e-05,"{'shrinkage': 0.1, 'solver': 'eigen', 'tol': 1e-05}",0.7446238653230923,0.7545277244214872,0.6393042350193222,0.4999533382503869,0.7596412500034854,0.7217517766297077,0.5698355031483429,0.6610594567052984,0.6523403844917379,0.7495107909698769,0.6752548324962737,0.08352012315421654,86
0.14673759937286376,0.024263867852692474,0.006623983383178711,0.001504519284827014,0.1,eigen,1e-06,"{'shrinkage': 0.1, 'solver': 'eigen', 'tol': 1e-06}",0.7446238653230923,0.7545277244214872,0.6393042350193222,0.4999533382503869,0.7596412500034854,0.7217517766297077,0.5698355031483429,0.6610594567052984,0.6523403844917379,0.7495107909698769,0.6752548324962737,0.08352012315421654,86
0.026868176460266114,0.015526135287863192,0.0,0.0,0.2,svd,0.0001,"{'shrinkage': 0.2, 'solver': 'svd', 'tol': 0.0001}",,,,,,,,,,,,,126
0.02635807991027832,0.009934079557392346,0.0,0.0,0.2,svd,0.001,"{'shrinkage': 0.2, 'solver': 'svd', 'tol': 0.001}",,,,,,,,,,,,,126
0.020047712326049804,0.004634852216564867,0.0,0.0,0.2,svd,0.01,"{'shrinkage': 0.2, 'solver': 'svd', 'tol': 0.01}",,,,,,,,,,,,,126
0.0184375524520874,0.0032095060510323697,0.0,0.0,0.2,svd,1e-05,"{'shrinkage': 0.2, 'solver': 'svd', 'tol': 1e-05}",,,,,,,,,,,,,126
0.02035098075866699,0.0040712153944595635,0.0,0.0,0.2,svd,1e-06,"{'shrinkage': 0.2, 'solver': 'svd', 'tol': 1e-06}",,,,,,,,,,,,,126
0.11738026142120361,0.02085829343074989,0.005959081649780274,0.0014599242909295591,0.2,lsqr,0.0001,"{'shrinkage': 0.2, 'solver': 'lsqr', 'tol': 0.0001}",0.7395124979984051,0.7421801651962555,0.6322805000103047,0.4920239599928531,0.7531556229193466,0.706651772119807,0.5729054887564466,0.6564370990281323,0.6519938247547352,0.7468547092537754,0.6693995640030062,0.08199814936231177,116
0.12880229949951172,0.013449664183696084,0.006762266159057617,0.0010589034692144843,0.2,lsqr,0.001,"{'shrinkage': 0.2, 'solver': 'lsqr', 'tol': 0.001}",0.7395124979984051,0.7421801651962555,0.6322805000103047,0.4920239599928531,0.7531556229193466,0.706651772119807,0.5729054887564466,0.6564370990281323,0.6519938247547352,0.7468547092537754,0.6693995640030062,0.08199814936231177,116
0.1111112117767334,0.01814213548226866,0.006164979934692383,0.0014017769205344084,0.2,lsqr,0.01,"{'shrinkage': 0.2, 'solver': 'lsqr', 'tol': 0.01}",0.7395124979984051,0.7421801651962555,0.6322805000103047,0.4920239599928531,0.7531556229193466,0.706651772119807,0.5729054887564466,0.6564370990281323,0.6519938247547352,0.7468547092537754,0.6693995640030062,0.08199814936231177,116
0.11596288681030273,0.013348890723230892,0.005666017532348633,0.0009785937847502394,0.2,lsqr,1e-05,"{'shrinkage': 0.2, 'solver': 'lsqr', 'tol': 1e-05}",0.7395124979984051,0.7421801651962555,0.6322805000103047,0.4920239599928531,0.7531556229193466,0.706651772119807,0.5729054887564466,0.6564370990281323,0.6519938247547352,0.7468547092537754,0.6693995640030062,0.08199814936231177,116
0.1144482135772705,0.009218008242706568,0.006615471839904785,0.001845838170092822,0.2,lsqr,1e-06,"{'shrinkage': 0.2, 'solver': 'lsqr', 'tol': 1e-06}",0.7395124979984051,0.7421801651962555,0.6322805000103047,0.4920239599928531,0.7531556229193466,0.706651772119807,0.5729054887564466,0.6564370990281323,0.6519938247547352,0.7468547092537754,0.6693995640030062,0.08199814936231177,116
0.14647631645202636,0.020686788612456573,0.006970810890197754,0.0010102094554562014,0.2,eigen,0.0001,"{'shrinkage': 0.2, 'solver': 'eigen', 'tol': 0.0001}",0.7395124979984051,0.7421801651962555,0.6322805000103047,0.4920239599928531,0.7531556229193466,0.706651772119807,0.5729054887564466,0.6564370990281323,0.6519938247547352,0.7468547092537754,0.6693995640030062,0.08199814936231177,116
0.14557459354400634,0.014496194944162164,0.007065892219543457,0.003204767384006239,0.2,eigen,0.001,"{'shrinkage': 0.2, 'solver': 'eigen', 'tol': 0.001}",0.7395124979984051,0.7421801651962555,0.6322805000103047,0.4920239599928531,0.7531556229193466,0.706651772119807,0.5729054887564466,0.6564370990281323,0.6519938247547352,0.7468547092537754,0.6693995640030062,0.08199814936231177,116
0.1462237596511841,0.02196435905395775,0.007219982147216797,0.00189904867779373,0.2,eigen,0.01,"{'shrinkage': 0.2, 'solver': 'eigen', 'tol': 0.01}",0.7395124979984051,0.7421801651962555,0.6322805000103047,0.4920239599928531,0.7531556229193466,0.706651772119807,0.5729054887564466,0.6564370990281323,0.6519938247547352,0.7468547092537754,0.6693995640030062,0.08199814936231177,116
0.15234601497650146,0.022748208817141784,0.006567764282226563,0.0020879992732041343,0.2,eigen,1e-05,"{'shrinkage': 0.2, 'solver': 'eigen', 'tol': 1e-05}",0.7395124979984051,0.7421801651962555,0.6322805000103047,0.4920239599928531,0.7531556229193466,0.706651772119807,0.5729054887564466,0.6564370990281323,0.6519938247547352,0.7468547092537754,0.6693995640030062,0.08199814936231177,116
0.14423723220825196,0.02439361233653757,0.008119010925292968,0.0039048801847830503,0.2,eigen,1e-06,"{'shrinkage': 0.2, 'solver': 'eigen', 'tol': 1e-06}",0.7395124979984051,0.7421801651962555,0.6322805000103047,0.4920239599928531,0.7531556229193466,0.706651772119807,0.5729054887564466,0.6564370990281323,0.6519938247547352,0.7468547092537754,0.6693995640030062,0.08199814936231177,116
0.01878352165222168,0.0024252155770250307,0.0,0.0,0.3,svd,0.0001,"{'shrinkage': 0.3, 'solver': 'svd', 'tol': 0.0001}",,,,,,,,,,,,,126
0.019884586334228516,0.005578219372102132,0.0,0.0,0.3,svd,0.001,"{'shrinkage': 0.3, 'solver': 'svd', 'tol': 0.001}",,,,,,,,,,,,,126
0.022050118446350096,0.004187215157083379,0.0,0.0,0.3,svd,0.01,"{'shrinkage': 0.3, 'solver': 'svd', 'tol': 0.01}",,,,,,,,,,,,,126
0.019244742393493653,0.003938231039160552,0.0,0.0,0.3,svd,1e-05,"{'shrinkage': 0.3, 'solver': 'svd', 'tol': 1e-05}",,,,,,,,,,,,,126
0.018593668937683105,0.0027072098330818135,0.0,0.0,0.3,svd,1e-06,"{'shrinkage': 0.3, 'solver': 'svd', 'tol': 1e-06}",,,,,,,,,,,,,126
0.1206512212753296,0.03403678697517226,0.0114851713180542,0.007371982034931438,0.3,lsqr,0.0001,"{'shrinkage': 0.3, 'solver': 'lsqr', 'tol': 0.0001}",0.7397959225782829,0.7391869179593082,0.6321181967445858,0.49170624249561995,0.7515700733281506,0.7048404882675244,0.5801815911940681,0.6534034442979764,0.6532348874677456,0.7500193099682644,0.6696057074301527,0.08110174376359827,106
0.13018364906311036,0.025813072164237817,0.006765317916870117,0.0019886069715741696,0.3,lsqr,0.001,"{'shrinkage': 0.3, 'solver': 'lsqr', 'tol': 0.001}",0.7397959225782829,0.7391869179593082,0.6321181967445858,0.49170624249561995,0.7515700733281506,0.7048404882675244,0.5801815911940681,0.6534034442979764,0.6532348874677456,0.7500193099682644,0.6696057074301527,0.08110174376359827,106
0.12075624465942383,0.021917739024615003,0.006871962547302246,0.001308060055894612,0.3,lsqr,0.01,"{'shrinkage': 0.3, 'solver': 'lsqr', 'tol': 0.01}",0.7397959225782829,0.7391869179593082,0.6321181967445858,0.49170624249561995,0.7515700733281506,0.7048404882675244,0.5801815911940681,0.6534034442979764,0.6532348874677456,0.7500193099682644,0.6696057074301527,0.08110174376359827,106
0.1300959825515747,0.01949680632053066,0.00807955265045166,0.0025688372546075187,0.3,lsqr,1e-05,"{'shrinkage': 0.3, 'solver': 'lsqr', 'tol': 1e-05}",0.7397959225782829,0.7391869179593082,0.6321181967445858,0.49170624249561995,0.7515700733281506,0.7048404882675244,0.5801815911940681,0.6534034442979764,0.6532348874677456,0.7500193099682644,0.6696057074301527,0.08110174376359827,106
0.11231913566589355,0.020963098946935772,0.005792784690856934,0.0011699430224084886,0.3,lsqr,1e-06,"{'shrinkage': 0.3, 'solver': 'lsqr', 'tol': 1e-06}",0.7397959225782829,0.7391869179593082,0.6321181967445858,0.49170624249561995,0.7515700733281506,0.7048404882675244,0.5801815911940681,0.6534034442979764,0.6532348874677456,0.7500193099682644,0.6696057074301527,0.08110174376359827,106
0.1507430076599121,0.0192018079100968,0.006416225433349609,0.0014025947467634933,0.3,eigen,0.0001,"{'shrinkage': 0.3, 'solver': 'eigen', 'tol': 0.0001}",0.7397959225782829,0.7391869179593082,0.6321181967445858,0.49170624249561995,0.7515700733281506,0.7048404882675244,0.5801815911940681,0.6534034442979764,0.6532348874677456,0.7500193099682644,0.6696057074301527,0.08110174376359827,106
0.15727677345275878,0.030544329944084608,0.008441162109375,0.0029527968012303296,0.3,eigen,0.001,"{'shrinkage': 0.3, 'solver': 'eigen', 'tol': 0.001}",0.7397959225782829,0.7391869179593082,0.6321181967445858,0.49170624249561995,0.7515700733281506,0.7048404882675244,0.5801815911940681,0.6534034442979764,0.6532348874677456,0.7500193099682644,0.6696057074301527,0.08110174376359827,106
0.1556530475616455,0.02500147997419324,0.00827012062072754,0.002765870935173273,0.3,eigen,0.01,"{'shrinkage': 0.3, 'solver': 'eigen', 'tol': 0.01}",0.7397959225782829,0.7391869179593082,0.6321181967445858,0.49170624249561995,0.7515700733281506,0.7048404882675244,0.5801815911940681,0.6534034442979764,0.6532348874677456,0.7500193099682644,0.6696057074301527,0.08110174376359827,106
0.16102492809295654,0.03240369706667128,0.0072632312774658205,0.002120081091511447,0.3,eigen,1e-05,"{'shrinkage': 0.3, 'solver': 'eigen', 'tol': 1e-05}",0.7397959225782829,0.7391869179593082,0.6321181967445858,0.49170624249561995,0.7515700733281506,0.7048404882675244,0.5801815911940681,0.6534034442979764,0.6532348874677456,0.7500193099682644,0.6696057074301527,0.08110174376359827,106
0.13969204425811768,0.021109758010344055,0.006796097755432129,0.001695247473480539,0.3,eigen,1e-06,"{'shrinkage': 0.3, 'solver': 'eigen', 'tol': 1e-06}",0.7397959225782829,0.7391869179593082,0.6321181967445858,0.49170624249561995,0.7515700733281506,0.7048404882675244,0.5801815911940681,0.6534034442979764,0.6532348874677456,0.7500193099682644,0.6696057074301527,0.08110174376359827,106
0.021622228622436523,0.00812244665878811,0.0,0.0,0.4,svd,0.0001,"{'shrinkage': 0.4, 'solver': 'svd', 'tol': 0.0001}",,,,,,,,,,,,,126
0.022320818901062012,0.007245988555079206,0.0,0.0,0.4,svd,0.001,"{'shrinkage': 0.4, 'solver': 'svd', 'tol': 0.001}",,,,,,,,,,,,,126
0.01765730381011963,0.0021601344578851545,0.0,0.0,0.4,svd,0.01,"{'shrinkage': 0.4, 'solver': 'svd', 'tol': 0.01}",,,,,,,,,,,,,126
0.01875467300415039,0.006004111028049539,0.0,0.0,0.4,svd,1e-05,"{'shrinkage': 0.4, 'solver': 'svd', 'tol': 1e-05}",,,,,,,,,,,,,126
0.016298675537109376,0.004057218998041527,0.0,0.0,0.4,svd,1e-06,"{'shrinkage': 0.4, 'solver': 'svd', 'tol': 1e-06}",,,,,,,,,,,,,126
0.12066240310668945,0.020087400854735774,0.00741584300994873,0.0021477098626427175,0.4,lsqr,0.0001,"{'shrinkage': 0.4, 'solver': 'lsqr', 'tol': 0.0001}",0.746479507735911,0.7395938003985372,0.6352070385797746,0.49280818366070256,0.753946800567666,0.7072602844003031,0.5865246679612222,0.64988399311309,0.6585527430705641,0.7572671422193231,0.6727524161707094,0.08171836810975422,96
0.13087494373321534,0.03499287699017789,0.0064574480056762695,0.0017625097878526193,0.4,lsqr,0.001,"{'shrinkage': 0.4, 'solver': 'lsqr', 'tol': 0.001}",0.746479507735911,0.7395938003985372,0.6352070385797746,0.49280818366070256,0.753946800567666,0.7072602844003031,0.5865246679612222,0.64988399311309,0.6585527430705641,0.7572671422193231,0.6727524161707094,0.08171836810975422,96
0.13237488269805908,0.02738543061071243,0.007258558273315429,0.0018840247576735933,0.4,lsqr,0.01,"{'shrinkage': 0.4, 'solver': 'lsqr', 'tol': 0.01}",0.746479507735911,0.7395938003985372,0.6352070385797746,0.49280818366070256,0.753946800567666,0.7072602844003031,0.5865246679612222,0.64988399311309,0.6585527430705641,0.7572671422193231,0.6727524161707094,0.08171836810975422,96
0.1281125068664551,0.028167541162204678,0.006057119369506836,0.0010358443417875847,0.4,lsqr,1e-05,"{'shrinkage': 0.4, 'solver': 'lsqr', 'tol': 1e-05}",0.746479507735911,0.7395938003985372,0.6352070385797746,0.49280818366070256,0.753946800567666,0.7072602844003031,0.5865246679612222,0.64988399311309,0.6585527430705641,0.7572671422193231,0.6727524161707094,0.08171836810975422,96
0.12119951248168945,0.01727013751074853,0.00806117057800293,0.006474024558297651,0.4,lsqr,1e-06,"{'shrinkage': 0.4, 'solver': 'lsqr', 'tol': 1e-06}",0.746479507735911,0.7395938003985372,0.6352070385797746,0.49280818366070256,0.753946800567666,0.7072602844003031,0.5865246679612222,0.64988399311309,0.6585527430705641,0.7572671422193231,0.6727524161707094,0.08171836810975422,96
0.1748767614364624,0.0820114545246668,0.006165266036987305,0.0046637261817179376,0.4,eigen,0.0001,"{'shrinkage': 0.4, 'solver': 'eigen', 'tol': 0.0001}",0.746479507735911,0.7395938003985372,0.6352070385797746,0.49280818366070256,0.753946800567666,0.7072602844003031,0.5865246679612222,0.64988399311309,0.6585527430705641,0.7572671422193231,0.6727524161707094,0.08171836810975422,96
0.22318146228790284,0.12088712026471127,0.011432456970214843,0.006389000456959428,0.4,eigen,0.001,"{'shrinkage': 0.4, 'solver': 'eigen', 'tol': 0.001}",0.746479507735911,0.7395938003985372,0.6352070385797746,0.49280818366070256,0.753946800567666,0.7072602844003031,0.5865246679612222,0.64988399311309,0.6585527430705641,0.7572671422193231,0.6727524161707094,0.08171836810975422,96
0.2571594476699829,0.09375681267234923,0.007716560363769531,0.0024813385876830893,0.4,eigen,0.01,"{'shrinkage': 0.4, 'solver': 'eigen', 'tol': 0.01}",0.746479507735911,0.7395938003985372,0.6352070385797746,0.49280818366070256,0.753946800567666,0.7072602844003031,0.5865246679612222,0.64988399311309,0.6585527430705641,0.7572671422193231,0.6727524161707094,0.08171836810975422,96
0.19851462841033934,0.10104227843271064,0.010276579856872558,0.008440095176752007,0.4,eigen,1e-05,"{'shrinkage': 0.4, 'solver': 'eigen', 'tol': 1e-05}",0.746479507735911,0.7395938003985372,0.6352070385797746,0.49280818366070256,0.753946800567666,0.7072602844003031,0.5865246679612222,0.64988399311309,0.6585527430705641,0.7572671422193231,0.6727524161707094,0.08171836810975422,96
0.17193956375122071,0.057163203408041464,0.0064103126525878905,0.0021543926363188663,0.4,eigen,1e-06,"{'shrinkage': 0.4, 'solver': 'eigen', 'tol': 1e-06}",0.746479507735911,0.7395938003985372,0.6352070385797746,0.49280818366070256,0.753946800567666,0.7072602844003031,0.5865246679612222,0.64988399311309,0.6585527430705641,0.7572671422193231,0.6727524161707094,0.08171836810975422,96
0.019007778167724608,0.003729107273362806,0.0,0.0,0.5,svd,0.0001,"{'shrinkage': 0.5, 'solver': 'svd', 'tol': 0.0001}",,,,,,,,,,,,,126
0.018628144264221193,0.0052369080736943035,0.0,0.0,0.5,svd,0.001,"{'shrinkage': 0.5, 'solver': 'svd', 'tol': 0.001}",,,,,,,,,,,,,126
0.01932234764099121,0.004794562228919606,0.0,0.0,0.5,svd,0.01,"{'shrinkage': 0.5, 'solver': 'svd', 'tol': 0.01}",,,,,,,,,,,,,126
0.01892886161804199,0.002506337802733283,0.0,0.0,0.5,svd,1e-05,"{'shrinkage': 0.5, 'solver': 'svd', 'tol': 1e-05}",,,,,,,,,,,,,126
0.0188065767288208,0.00453384997899677,0.0,0.0,0.5,svd,1e-06,"{'shrinkage': 0.5, 'solver': 'svd', 'tol': 1e-06}",,,,,,,,,,,,,126
0.12176873683929443,0.023714418712628988,0.03421127796173096,0.05812832599057327,0.5,lsqr,0.0001,"{'shrinkage': 0.5, 'solver': 'lsqr', 'tol': 0.0001}",0.7527435191960836,0.7436304973248984,0.6390635808495662,0.4973443151969273,0.758104224915686,0.7141995304815904,0.5958947308474613,0.6467560975351199,0.6618394269518135,0.7668046991623174,0.6776380622461463,0.08224181130927823,76
0.11788356304168701,0.016956420269445178,0.005817961692810058,0.00123448427534159,0.5,lsqr,0.001,"{'shrinkage': 0.5, 'solver': 'lsqr', 'tol': 0.001}",0.7527435191960836,0.7436304973248984,0.6390635808495662,0.4973443151969273,0.758104224915686,0.7141995304815904,0.5958947308474613,0.6467560975351199,0.6618394269518135,0.7668046991623174,0.6776380622461463,0.08224181130927823,76
0.11844673156738281,0.018123611044159344,0.00631566047668457,0.0022008329692349703,0.5,lsqr,0.01,"{'shrinkage': 0.5, 'solver': 'lsqr', 'tol': 0.01}",0.7527435191960836,0.7436304973248984,0.6390635808495662,0.4973443151969273,0.758104224915686,0.7141995304815904,0.5958947308474613,0.6467560975351199,0.6618394269518135,0.7668046991623174,0.6776380622461463,0.08224181130927823,76
0.16260812282562256,0.07568438854360574,0.007584524154663086,0.004222290939806989,0.5,lsqr,1e-05,"{'shrinkage': 0.5, 'solver': 'lsqr', 'tol': 1e-05}",0.7527435191960836,0.7436304973248984,0.6390635808495662,0.4973443151969273,0.758104224915686,0.7141995304815904,0.5958947308474613,0.6467560975351199,0.6618394269518135,0.7668046991623174,0.6776380622461463,0.08224181130927823,76
0.17621173858642578,0.08205285439640843,0.008110880851745605,0.004801260974223376,0.5,lsqr,1e-06,"{'shrinkage': 0.5, 'solver': 'lsqr', 'tol': 1e-06}",0.7527435191960836,0.7436304973248984,0.6390635808495662,0.4973443151969273,0.758104224915686,0.7141995304815904,0.5958947308474613,0.6467560975351199,0.6618394269518135,0.7668046991623174,0.6776380622461463,0.08224181130927823,76
0.1948392629623413,0.09543609431672663,0.017635250091552736,0.02568429848195034,0.5,eigen,0.0001,"{'shrinkage': 0.5, 'solver': 'eigen', 'tol': 0.0001}",0.7527435191960836,0.7436304973248984,0.6390635808495662,0.4973443151969273,0.758104224915686,0.7141995304815904,0.5958947308474613,0.6467560975351199,0.6618394269518135,0.7668046991623174,0.6776380622461463,0.08224181130927823,76
0.13198788166046144,0.02188285992003966,0.005727434158325195,0.000831416940484076,0.5,eigen,0.001,"{'shrinkage': 0.5, 'solver': 'eigen', 'tol': 0.001}",0.7527435191960836,0.7436304973248984,0.6390635808495662,0.4973443151969273,0.758104224915686,0.7141995304815904,0.5958947308474613,0.6467560975351199,0.6618394269518135,0.7668046991623174,0.6776380622461463,0.08224181130927823,76
0.15785858631134034,0.024932473467090113,0.009270358085632324,0.004520666476723132,0.5,eigen,0.01,"{'shrinkage': 0.5, 'solver': 'eigen', 'tol': 0.01}",0.7527435191960836,0.7436304973248984,0.6390635808495662,0.4973443151969273,0.758104224915686,0.7141995304815904,0.5958947308474613,0.6467560975351199,0.6618394269518135,0.7668046991623174,0.6776380622461463,0.08224181130927823,76
0.20984892845153807,0.06221653572114197,0.016581463813781738,0.03110935498500269,0.5,eigen,1e-05,"{'shrinkage': 0.5, 'solver': 'eigen', 'tol': 1e-05}",0.7527435191960836,0.7436304973248984,0.6390635808495662,0.4973443151969273,0.758104224915686,0.7141995304815904,0.5958947308474613,0.6467560975351199,0.6618394269518135,0.7668046991623174,0.6776380622461463,0.08224181130927823,76
0.2291775941848755,0.06680640531327982,0.008385229110717773,0.004597306043245778,0.5,eigen,1e-06,"{'shrinkage': 0.5, 'solver': 'eigen', 'tol': 1e-06}",0.7527435191960836,0.7436304973248984,0.6390635808495662,0.4973443151969273,0.758104224915686,0.7141995304815904,0.5958947308474613,0.6467560975351199,0.6618394269518135,0.7668046991623174,0.6776380622461463,0.08224181130927823,76
0.017126178741455077,0.0023053640327766137,0.0,0.0,0.6,svd,0.0001,"{'shrinkage': 0.6, 'solver': 'svd', 'tol': 0.0001}",,,,,,,,,,,,,126
0.023533892631530762,0.015863064289440256,0.0,0.0,0.6,svd,0.001,"{'shrinkage': 0.6, 'solver': 'svd', 'tol': 0.001}",,,,,,,,,,,,,126
0.03587944507598877,0.03180667202642842,0.0,0.0,0.6,svd,0.01,"{'shrinkage': 0.6, 'solver': 'svd', 'tol': 0.01}",,,,,,,,,,,,,126
0.015422296524047852,0.0031602758907551954,0.0,0.0,0.6,svd,1e-05,"{'shrinkage': 0.6, 'solver': 'svd', 'tol': 1e-05}",,,,,,,,,,,,,126
0.03288378715515137,0.02166294314893946,0.0,0.0,0.6,svd,1e-06,"{'shrinkage': 0.6, 'solver': 'svd', 'tol': 1e-06}",,,,,,,,,,,,,126
0.19022853374481202,0.06132319875053912,0.006061410903930664,0.0013514596230759374,0.6,lsqr,0.0001,"{'shrinkage': 0.6, 'solver': 'lsqr', 'tol': 0.0001}",0.7619610380808874,0.7506546423332203,0.6455848965286343,0.5012701181895594,0.7646285041195684,0.7230447458634148,0.6032410387681308,0.6417217787949097,0.6700830289678119,0.7772211952551538,0.6839410986901292,0.08402704266001196,66
0.18458938598632812,0.06418615814021307,0.005464363098144531,0.0007678415851283236,0.6,lsqr,0.001,"{'shrinkage': 0.6, 'solver': 'lsqr', 'tol': 0.001}",0.7619610380808874,0.7506546423332203,0.6455848965286343,0.5012701181895594,0.7646285041195684,0.7230447458634148,0.6032410387681308,0.6417217787949097,0.6700830289678119,0.7772211952551538,0.6839410986901292,0.08402704266001196,66
0.1143883228302002,0.02877833088464735,0.0060650348663330075,0.0014152910231849786,0.6,lsqr,0.01,"{'shrinkage': 0.6, 'solver': 'lsqr', 'tol': 0.01}",0.7619610380808874,0.7506546423332203,0.6455848965286343,0.5012701181895594,0.7646285041195684,0.7230447458634148,0.6032410387681308,0.6417217787949097,0.6700830289678119,0.7772211952551538,0.6839410986901292,0.08402704266001196,66
0.15236341953277588,0.05984474081705656,0.011033320426940918,0.015152495818414274,0.6,lsqr,1e-05,"{'shrinkage': 0.6, 'solver': 'lsqr', 'tol': 1e-05}",0.7619610380808874,0.7506546423332203,0.6455848965286343,0.5012701181895594,0.7646285041195684,0.7230447458634148,0.6032410387681308,0.6417217787949097,0.6700830289678119,0.7772211952551538,0.6839410986901292,0.08402704266001196,66
0.15707979202270508,0.05249788625620375,0.00606241226196289,0.0010650651844306084,0.6,lsqr,1e-06,"{'shrinkage': 0.6, 'solver': 'lsqr', 'tol': 1e-06}",0.7619610380808874,0.7506546423332203,0.6455848965286343,0.5012701181895594,0.7646285041195684,0.7230447458634148,0.6032410387681308,0.6417217787949097,0.6700830289678119,0.7772211952551538,0.6839410986901292,0.08402704266001196,66
0.16680643558502198,0.056478813509584315,0.005969691276550293,0.0016638067150074193,0.6,eigen,0.0001,"{'shrinkage': 0.6, 'solver': 'eigen', 'tol': 0.0001}",0.7619610380808874,0.7506546423332203,0.6455848965286343,0.5012701181895594,0.7646285041195684,0.7230447458634148,0.6032410387681308,0.6417217787949097,0.6700830289678119,0.7772211952551538,0.6839410986901292,0.08402704266001196,66
0.1404128074645996,0.023785686731949335,0.009796142578125,0.009718580854313172,0.6,eigen,0.001,"{'shrinkage': 0.6, 'solver': 'eigen', 'tol': 0.001}",0.7619610380808874,0.7506546423332203,0.6455848965286343,0.5012701181895594,0.7646285041195684,0.7230447458634148,0.6032410387681308,0.6417217787949097,0.6700830289678119,0.7772211952551538,0.6839410986901292,0.08402704266001196,66
0.156890344619751,0.02033793709702046,0.009115266799926757,0.004124035976604307,0.6,eigen,0.01,"{'shrinkage': 0.6, 'solver': 'eigen', 'tol': 0.01}",0.7619610380808874,0.7506546423332203,0.6455848965286343,0.5012701181895594,0.7646285041195684,0.7230447458634148,0.6032410387681308,0.6417217787949097,0.6700830289678119,0.7772211952551538,0.6839410986901292,0.08402704266001196,66
0.17619242668151855,0.06503424412517356,0.00572507381439209,0.0011507451627971275,0.6,eigen,1e-05,"{'shrinkage': 0.6, 'solver': 'eigen', 'tol': 1e-05}",0.7619610380808874,0.7506546423332203,0.6455848965286343,0.5012701181895594,0.7646285041195684,0.7230447458634148,0.6032410387681308,0.6417217787949097,0.6700830289678119,0.7772211952551538,0.6839410986901292,0.08402704266001196,66
0.18501629829406738,0.06209482747489094,0.007564091682434082,0.004180857066336971,0.6,eigen,1e-06,"{'shrinkage': 0.6, 'solver': 'eigen', 'tol': 1e-06}",0.7619610380808874,0.7506546423332203,0.6455848965286343,0.5012701181895594,0.7646285041195684,0.7230447458634148,0.6032410387681308,0.6417217787949097,0.6700830289678119,0.7772211952551538,0.6839410986901292,0.08402704266001196,66
0.019895648956298827,0.002874140777409829,0.0,0.0,0.7,svd,0.0001,"{'shrinkage': 0.7, 'solver': 'svd', 'tol': 0.0001}",,,,,,,,,,,,,126
0.02124316692352295,0.0027759089766214067,0.0,0.0,0.7,svd,0.001,"{'shrinkage': 0.7, 'solver': 'svd', 'tol': 0.001}",,,,,,,,,,,,,126
0.03349146842956543,0.04609140417095595,0.0,0.0,0.7,svd,0.01,"{'shrinkage': 0.7, 'solver': 'svd', 'tol': 0.01}",,,,,,,,,,,,,126
0.03019397258758545,0.02378515152923661,0.0,0.0,0.7,svd,1e-05,"{'shrinkage': 0.7, 'solver': 'svd', 'tol': 1e-05}",,,,,,,,,,,,,126
0.026184678077697754,0.014644486236293375,0.0,0.0,0.7,svd,1e-06,"{'shrinkage': 0.7, 'solver': 'svd', 'tol': 1e-06}",,,,,,,,,,,,,126
0.11162436008453369,0.021600015928740213,0.006364965438842773,0.0015883033358289006,0.7,lsqr,0.0001,"{'shrinkage': 0.7, 'solver': 'lsqr', 'tol': 0.0001}",0.7677347426148705,0.7592315434081977,0.6505258957406316,0.5058316141291123,0.7678974870397157,0.7351224268880274,0.6110907907746288,0.6363745746728916,0.6749957010777937,0.7881961895859293,0.6897000965931799,0.08566505630985848,56
0.11743674278259278,0.017679480214963583,0.0069138526916503905,0.0020249217800026717,0.7,lsqr,0.001,"{'shrinkage': 0.7, 'solver': 'lsqr', 'tol': 0.001}",0.7677347426148705,0.7592315434081977,0.6505258957406316,0.5058316141291123,0.7678974870397157,0.7351224268880274,0.6110907907746288,0.6363745746728916,0.6749957010777937,0.7881961895859293,0.6897000965931799,0.08566505630985848,56
0.10190598964691162,0.009067751368773259,0.006310176849365234,0.001060478988503547,0.7,lsqr,0.01,"{'shrinkage': 0.7, 'solver': 'lsqr', 'tol': 0.01}",0.7677347426148705,0.7592315434081977,0.6505258957406316,0.5058316141291123,0.7678974870397157,0.7351224268880274,0.6110907907746288,0.6363745746728916,0.6749957010777937,0.7881961895859293,0.6897000965931799,0.08566505630985848,56
0.1494185209274292,0.053356558060288155,0.006520915031433106,0.0013612311122343625,0.7,lsqr,1e-05,"{'shrinkage': 0.7, 'solver': 'lsqr', 'tol': 1e-05}",0.7677347426148705,0.7592315434081977,0.6505258957406316,0.5058316141291123,0.7678974870397157,0.7351224268880274,0.6110907907746288,0.6363745746728916,0.6749957010777937,0.7881961895859293,0.6897000965931799,0.08566505630985848,56
0.18588297367095946,0.05267417215584781,0.007115578651428223,0.0011110008037756392,0.7,lsqr,1e-06,"{'shrinkage': 0.7, 'solver': 'lsqr', 'tol': 1e-06}",0.7677347426148705,0.7592315434081977,0.6505258957406316,0.5058316141291123,0.7678974870397157,0.7351224268880274,0.6110907907746288,0.6363745746728916,0.6749957010777937,0.7881961895859293,0.6897000965931799,0.08566505630985848,56
0.2260279655456543,0.05448144820482171,0.025443482398986816,0.039508380836503036,0.7,eigen,0.0001,"{'shrinkage': 0.7, 'solver': 'eigen', 'tol': 0.0001}",0.7677347426148705,0.7592315434081977,0.6505258957406316,0.5058316141291123,0.7678974870397157,0.7351224268880274,0.6110907907746288,0.6363745746728916,0.6749957010777937,0.7881961895859293,0.6897000965931799,0.08566505630985848,56
0.18782308101654052,0.05602617574483263,0.006108331680297852,0.0015193329928953772,0.7,eigen,0.001,"{'shrinkage': 0.7, 'solver': 'eigen', 'tol': 0.001}",0.7677347426148705,0.7592315434081977,0.6505258957406316,0.5058316141291123,0.7678974870397157,0.7351224268880274,0.6110907907746288,0.6363745746728916,0.6749957010777937,0.7881961895859293,0.6897000965931799,0.08566505630985848,56
0.20410256385803222,0.08608329733670442,0.007780218124389648,0.003351984326431848,0.7,eigen,0.01,"{'shrinkage': 0.7, 'solver': 'eigen', 'tol': 0.01}",0.7677347426148705,0.7592315434081977,0.6505258957406316,0.5058316141291123,0.7678974870397157,0.7351224268880274,0.6110907907746288,0.6363745746728916,0.6749957010777937,0.7881961895859293,0.6897000965931799,0.08566505630985848,56
0.40916945934295657,0.3291396772171801,0.008573412895202637,0.005176757447635263,0.7,eigen,1e-05,"{'shrinkage': 0.7, 'solver': 'eigen', 'tol': 1e-05}",0.7677347426148705,0.7592315434081977,0.6505258957406316,0.5058316141291123,0.7678974870397157,0.7351224268880274,0.6110907907746288,0.6363745746728916,0.6749957010777937,0.7881961895859293,0.6897000965931799,0.08566505630985848,56
0.41996958255767824,0.260046131512777,0.014967703819274902,0.023464516005063354,0.7,eigen,1e-06,"{'shrinkage': 0.7, 'solver': 'eigen', 'tol': 1e-06}",0.7677347426148705,0.7592315434081977,0.6505258957406316,0.5058316141291123,0.7678974870397157,0.7351224268880274,0.6110907907746288,0.6363745746728916,0.6749957010777937,0.7881961895859293,0.6897000965931799,0.08566505630985848,56
0.02335782051086426,0.021876447878562535,0.0,0.0,0.8,svd,0.0001,"{'shrinkage': 0.8, 'solver': 'svd', 'tol': 0.0001}",,,,,,,,,,,,,126
0.026555919647216798,0.020819295870848655,0.0,0.0,0.8,svd,0.001,"{'shrinkage': 0.8, 'solver': 'svd', 'tol': 0.001}",,,,,,,,,,,,,126
0.021658730506896973,0.0166108224023142,0.0,0.0,0.8,svd,0.01,"{'shrinkage': 0.8, 'solver': 'svd', 'tol': 0.01}",,,,,,,,,,,,,126
0.03648722171783447,0.024643198513202066,0.0,0.0,0.8,svd,1e-05,"{'shrinkage': 0.8, 'solver': 'svd', 'tol': 1e-05}",,,,,,,,,,,,,126
0.04094064235687256,0.06905112925349126,0.0,0.0,0.8,svd,1e-06,"{'shrinkage': 0.8, 'solver': 'svd', 'tol': 1e-06}",,,,,,,,,,,,,126
0.2631568193435669,0.23278631378554693,0.053809618949890135,0.14393166491464318,0.8,lsqr,0.0001,"{'shrinkage': 0.8, 'solver': 'lsqr', 'tol': 0.0001}",0.7751910124863397,0.768360102328131,0.6575466030867267,0.5110511240238894,0.7699126437301551,0.7463512006106423,0.6166366601027308,0.6274441131833731,0.6823487265686128,0.7940624556094247,0.6948904641730026,0.08716594216691419,46
0.1446775197982788,0.11729295535970809,0.005655026435852051,0.0005945689050640418,0.8,lsqr,0.001,"{'shrinkage': 0.8, 'solver': 'lsqr', 'tol': 0.001}",0.7751910124863397,0.768360102328131,0.6575466030867267,0.5110511240238894,0.7699126437301551,0.7463512006106423,0.6166366601027308,0.6274441131833731,0.6823487265686128,0.7940624556094247,0.6948904641730026,0.08716594216691419,46
0.26075091361999514,0.220945295382758,0.009757137298583985,0.010468997604603347,0.8,lsqr,0.01,"{'shrinkage': 0.8, 'solver': 'lsqr', 'tol': 0.01}",0.7751910124863397,0.768360102328131,0.6575466030867267,0.5110511240238894,0.7699126437301551,0.7463512006106423,0.6166366601027308,0.6274441131833731,0.6823487265686128,0.7940624556094247,0.6948904641730026,0.08716594216691419,46
0.14722096920013428,0.07992740652511145,0.005907177925109863,0.0017068169113596708,0.8,lsqr,1e-05,"{'shrinkage': 0.8, 'solver': 'lsqr', 'tol': 1e-05}",0.7751910124863397,0.768360102328131,0.6575466030867267,0.5110511240238894,0.7699126437301551,0.7463512006106423,0.6166366601027308,0.6274441131833731,0.6823487265686128,0.7940624556094247,0.6948904641730026,0.08716594216691419,46
0.12127270698547363,0.03374336570548547,0.008563923835754394,0.0064052776167053205,0.8,lsqr,1e-06,"{'shrinkage': 0.8, 'solver': 'lsqr', 'tol': 1e-06}",0.7751910124863397,0.768360102328131,0.6575466030867267,0.5110511240238894,0.7699126437301551,0.7463512006106423,0.6166366601027308,0.6274441131833731,0.6823487265686128,0.7940624556094247,0.6948904641730026,0.08716594216691419,46
0.1600196599960327,0.036426739755776566,0.00670771598815918,0.0012904050264906572,0.8,eigen,0.0001,"{'shrinkage': 0.8, 'solver': 'eigen', 'tol': 0.0001}",0.7751910124863397,0.768360102328131,0.6575466030867267,0.5110511240238894,0.7699126437301551,0.7463512006106423,0.6166366601027308,0.6274441131833731,0.6823487265686128,0.7940624556094247,0.6948904641730026,0.08716594216691419,46
0.1458740472793579,0.024756531563705497,0.009321284294128419,0.008332988071279097,0.8,eigen,0.001,"{'shrinkage': 0.8, 'solver': 'eigen', 'tol': 0.001}",0.7751910124863397,0.768360102328131,0.6575466030867267,0.5110511240238894,0.7699126437301551,0.7463512006106423,0.6166366601027308,0.6274441131833731,0.6823487265686128,0.7940624556094247,0.6948904641730026,0.08716594216691419,46
0.16304373741149902,0.0297209681383824,0.007810759544372559,0.003151569072102277,0.8,eigen,0.01,"{'shrinkage': 0.8, 'solver': 'eigen', 'tol': 0.01}",0.7751910124863397,0.768360102328131,0.6575466030867267,0.5110511240238894,0.7699126437301551,0.7463512006106423,0.6166366601027308,0.6274441131833731,0.6823487265686128,0.7940624556094247,0.6948904641730026,0.08716594216691419,46
0.14805450439453124,0.02000843400968206,0.006571531295776367,0.002713734358193317,0.8,eigen,1e-05,"{'shrinkage': 0.8, 'solver': 'eigen', 'tol': 1e-05}",0.7751910124863397,0.768360102328131,0.6575466030867267,0.5110511240238894,0.7699126437301551,0.7463512006106423,0.6166366601027308,0.6274441131833731,0.6823487265686128,0.7940624556094247,0.6948904641730026,0.08716594216691419,46
0.1460864543914795,0.04122428805047183,0.0063636541366577145,0.0021717395080729394,0.8,eigen,1e-06,"{'shrinkage': 0.8, 'solver': 'eigen', 'tol': 1e-06}",0.7751910124863397,0.768360102328131,0.6575466030867267,0.5110511240238894,0.7699126437301551,0.7463512006106423,0.6166366601027308,0.6274441131833731,0.6823487265686128,0.7940624556094247,0.6948904641730026,0.08716594216691419,46
0.02015249729156494,0.00609717500649183,0.0,0.0,0.9,svd,0.0001,"{'shrinkage': 0.9, 'solver': 'svd', 'tol': 0.0001}",,,,,,,,,,,,,126
0.020709896087646486,0.007834701555446515,0.0,0.0,0.9,svd,0.001,"{'shrinkage': 0.9, 'solver': 'svd', 'tol': 0.001}",,,,,,,,,,,,,126
0.01828577518463135,0.004995398897854908,0.0,0.0,0.9,svd,0.01,"{'shrinkage': 0.9, 'solver': 'svd', 'tol': 0.01}",,,,,,,,,,,,,126
0.02242703437805176,0.006985017501448598,0.0,0.0,0.9,svd,1e-05,"{'shrinkage': 0.9, 'solver': 'svd', 'tol': 1e-05}",,,,,,,,,,,,,126
0.020779681205749512,0.013290188928137077,0.0,0.0,0.9,svd,1e-06,"{'shrinkage': 0.9, 'solver': 'svd', 'tol': 1e-06}",,,,,,,,,,,,,126
0.17676064968109131,0.09575486441643702,0.03214538097381592,0.08154785221608048,0.9,lsqr,0.0001,"{'shrinkage': 0.9, 'solver': 'lsqr', 'tol': 0.0001}",0.7790707401299517,0.7745586581424985,0.6615174036495032,0.5196316791541364,0.7658160512903787,0.7584828431794481,0.6244855031943111,0.6126032887208541,0.6874061698194959,0.7924687872628213,0.69760411245434,0.08693049819512956,1
0.20841724872589112,0.127228130274744,0.0323483943939209,0.08018176148022806,0.9,lsqr,0.001,"{'shrinkage': 0.9, 'solver': 'lsqr', 'tol': 0.001}",0.7790707401299517,0.7745586581424985,0.6615174036495032,0.5196316791541364,0.7658160512903787,0.7584828431794481,0.6244855031943111,0.6126032887208541,0.6874061698194959,0.7924687872628213,0.69760411245434,0.08693049819512956,1
0.18755311965942384,0.09668647144564053,0.01239793300628662,0.019063461754224596,0.9,lsqr,0.01,"{'shrinkage': 0.9, 'solver': 'lsqr', 'tol': 0.01}",0.7790707401299517,0.7745586581424985,0.6615174036495032,0.5196316791541364,0.7658160512903787,0.7584828431794481,0.6244855031943111,0.6126032887208541,0.6874061698194959,0.7924687872628213,0.69760411245434,0.08693049819512956,1
0.1419306755065918,0.04949582288958967,0.014417028427124024,0.0200536777277703,0.9,lsqr,1e-05,"{'shrinkage': 0.9, 'solver': 'lsqr', 'tol': 1e-05}",0.7790707401299517,0.7745586581424985,0.6615174036495032,0.5196316791541364,0.7658160512903787,0.7584828431794481,0.6244855031943111,0.6126032887208541,0.6874061698194959,0.7924687872628213,0.69760411245434,0.08693049819512956,1
0.14349634647369386,0.04860438585851223,0.006007862091064453,0.0012235088244825216,0.9,lsqr,1e-06,"{'shrinkage': 0.9, 'solver': 'lsqr', 'tol': 1e-06}",0.7790707401299517,0.7745586581424985,0.6615174036495032,0.5196316791541364,0.7658160512903787,0.7584828431794481,0.6244855031943111,0.6126032887208541,0.6874061698194959,0.7924687872628213,0.69760411245434,0.08693049819512956,1
0.19014396667480468,0.07548683515054812,0.009429502487182616,0.010341461698617757,0.9,eigen,0.0001,"{'shrinkage': 0.9, 'solver': 'eigen', 'tol': 0.0001}",0.7790707401299517,0.7745586581424985,0.6615174036495032,0.5196316791541364,0.7658160512903787,0.7584828431794481,0.6244855031943111,0.6126032887208541,0.6874061698194959,0.7924687872628213,0.69760411245434,0.08693049819512956,1
0.24577617645263672,0.07835557173134507,0.00641937255859375,0.0015912536971630174,0.9,eigen,0.001,"{'shrinkage': 0.9, 'solver': 'eigen', 'tol': 0.001}",0.7790707401299517,0.7745586581424985,0.6615174036495032,0.5196316791541364,0.7658160512903787,0.7584828431794481,0.6244855031943111,0.6126032887208541,0.6874061698194959,0.7924687872628213,0.69760411245434,0.08693049819512956,1
0.21870217323303223,0.0931578769366689,0.00636742115020752,0.0019045604785052834,0.9,eigen,0.01,"{'shrinkage': 0.9, 'solver': 'eigen', 'tol': 0.01}",0.7790707401299517,0.7745586581424985,0.6615174036495032,0.5196316791541364,0.7658160512903787,0.7584828431794481,0.6244855031943111,0.6126032887208541,0.6874061698194959,0.7924687872628213,0.69760411245434,0.08693049819512956,1
0.2183084726333618,0.09070235161238743,0.006714272499084473,0.001351307745124807,0.9,eigen,1e-05,"{'shrinkage': 0.9, 'solver': 'eigen', 'tol': 1e-05}",0.7790707401299517,0.7745586581424985,0.6615174036495032,0.5196316791541364,0.7658160512903787,0.7584828431794481,0.6244855031943111,0.6126032887208541,0.6874061698194959,0.7924687872628213,0.69760411245434,0.08693049819512956,1
0.1831198215484619,0.07608826124805654,0.006165599822998047,0.0011025258344988327,0.9,eigen,1e-06,"{'shrinkage': 0.9, 'solver': 'eigen', 'tol': 1e-06}",0.7790707401299517,0.7745586581424985,0.6615174036495032,0.5196316791541364,0.7658160512903787,0.7584828431794481,0.6244855031943111,0.6126032887208541,0.6874061698194959,0.7924687872628213,0.69760411245434,0.08693049819512956,1
0.023067879676818847,0.011333562935883362,0.0,0.0,0.99,svd,0.0001,"{'shrinkage': 0.99, 'solver': 'svd', 'tol': 0.0001}",,,,,,,,,,,,,126
0.018558764457702638,0.0028401077675748484,0.0,0.0,0.99,svd,0.001,"{'shrinkage': 0.99, 'solver': 'svd', 'tol': 0.001}",,,,,,,,,,,,,126
0.016701769828796387,0.003526132804006411,0.0,0.0,0.99,svd,0.01,"{'shrinkage': 0.99, 'solver': 'svd', 'tol': 0.01}",,,,,,,,,,,,,126
0.01786198616027832,0.003110025734790047,0.0,0.0,0.99,svd,1e-05,"{'shrinkage': 0.99, 'solver': 'svd', 'tol': 1e-05}",,,,,,,,,,,,,126
0.016394400596618654,0.002590455028747433,0.0,0.0,0.99,svd,1e-06,"{'shrinkage': 0.99, 'solver': 'svd', 'tol': 1e-06}",,,,,,,,,,,,,126
0.1587986707687378,0.05187965850663803,0.016331171989440917,0.01888599949397498,0.99,lsqr,0.0001,"{'shrinkage': 0.99, 'solver': 'lsqr', 'tol': 0.0001}",0.7762940330803005,0.7743162229896379,0.6626159380866341,0.5253478943264633,0.7546092548981317,0.7624782735393747,0.6323187185975423,0.59569164933991,0.6917665756676267,0.7837848574351971,0.6959223417960818,0.08515440005456944,11
0.17784276008605956,0.06580695441170112,0.009584569931030273,0.01185750025069142,0.99,lsqr,0.001,"{'shrinkage': 0.99, 'solver': 'lsqr', 'tol': 0.001}",0.7762940330803005,0.7743162229896379,0.6626159380866341,0.5253478943264633,0.7546092548981317,0.7624782735393747,0.6323187185975423,0.59569164933991,0.6917665756676267,0.7837848574351971,0.6959223417960818,0.08515440005456944,11
0.1479097843170166,0.03479590852579743,0.010451388359069825,0.012990892341573166,0.99,lsqr,0.01,"{'shrinkage': 0.99, 'solver': 'lsqr', 'tol': 0.01}",0.7762940330803005,0.7743162229896379,0.6626159380866341,0.5253478943264633,0.7546092548981317,0.7624782735393747,0.6323187185975423,0.59569164933991,0.6917665756676267,0.7837848574351971,0.6959223417960818,0.08515440005456944,11
0.21918237209320068,0.11239651371709332,0.013233494758605958,0.015144200596812039,0.99,lsqr,1e-05,"{'shrinkage': 0.99, 'solver': 'lsqr', 'tol': 1e-05}",0.7762940330803005,0.7743162229896379,0.6626159380866341,0.5253478943264633,0.7546092548981317,0.7624782735393747,0.6323187185975423,0.59569164933991,0.6917665756676267,0.7837848574351971,0.6959223417960818,0.08515440005456944,11
0.2624918222427368,0.12023558605412095,0.0063313722610473635,0.001960449526266195,0.99,lsqr,1e-06,"{'shrinkage': 0.99, 'solver': 'lsqr', 'tol': 1e-06}",0.7762940330803005,0.7743162229896379,0.6626159380866341,0.5253478943264633,0.7546092548981317,0.7624782735393747,0.6323187185975423,0.59569164933991,0.6917665756676267,0.7837848574351971,0.6959223417960818,0.08515440005456944,11
0.32053849697113035,0.11209142965849164,0.004953932762145996,0.0006094692607993307,0.99,eigen,0.0001,"{'shrinkage': 0.99, 'solver': 'eigen', 'tol': 0.0001}",0.7762940330803005,0.7743162229896379,0.6626159380866341,0.5253478943264633,0.7546092548981317,0.7624782735393747,0.6323187185975423,0.59569164933991,0.6917665756676267,0.7837848574351971,0.6959223417960818,0.08515440005456944,11
0.2626035690307617,0.15479743026234286,0.061729812622070314,0.16471774378124346,0.99,eigen,0.001,"{'shrinkage': 0.99, 'solver': 'eigen', 'tol': 0.001}",0.7762940330803005,0.7743162229896379,0.6626159380866341,0.5253478943264633,0.7546092548981317,0.7624782735393747,0.6323187185975423,0.59569164933991,0.6917665756676267,0.7837848574351971,0.6959223417960818,0.08515440005456944,11
0.2639432668685913,0.11221085349142337,0.01196448802947998,0.01371130084727269,0.99,eigen,0.01,"{'shrinkage': 0.99, 'solver': 'eigen', 'tol': 0.01}",0.7762940330803005,0.7743162229896379,0.6626159380866341,0.5253478943264633,0.7546092548981317,0.7624782735393747,0.6323187185975423,0.59569164933991,0.6917665756676267,0.7837848574351971,0.6959223417960818,0.08515440005456944,11
0.13512909412384033,0.011687120151557491,0.006963276863098144,0.0019090158669581051,0.99,eigen,1e-05,"{'shrinkage': 0.99, 'solver': 'eigen', 'tol': 1e-05}",0.7762940330803005,0.7743162229896379,0.6626159380866341,0.5253478943264633,0.7546092548981317,0.7624782735393747,0.6323187185975423,0.59569164933991,0.6917665756676267,0.7837848574351971,0.6959223417960818,0.08515440005456944,11
0.1573237180709839,0.021999609072388605,0.0055722475051879885,0.0014208322654022246,0.99,eigen,1e-06,"{'shrinkage': 0.99, 'solver': 'eigen', 'tol': 1e-06}",0.7762940330803005,0.7743162229896379,0.6626159380866341,0.5253478943264633,0.7546092548981317,0.7624782735393747,0.6323187185975423,0.59569164933991,0.6917665756676267,0.7837848574351971,0.6959223417960818,0.08515440005456944,11
